Term , Document , Weight
specialistshortag , 72 , 1.0
quotient , 35 , 1.0
justif , 5 , 1.0
speaker , 77 , 2.0
rate , 54 , 1.0
andth , 76 , 1.0
mainten , 66 , 1.0
medic , 57 , 1.0
medic , 36 , 1.0
e , 16 , 1.0
judg , 4 , 1.0
fashion , 37 , 1.0
printer , 16 , 1.0
side , 27 , 1.0
1401 , 69 , 1.0
1401 , 48 , 1.0
1401 , 1 , 1.0
health , 78 , 1.0
health , 57 , 1.0
120 , 48 , 1.0
solv , 9 , 1.0
fornam , 17 , 1.0
regardless , 77 , 1.0
authornam , 69 , 1.0
read , 54 , 3.0
read , 42 , 1.0
discontinu , 1 , 1.0
number , 15 , 1.0
number , 35 , 1.0
number , 4 , 1.0
notif , 14 , 1.0
format , 73 , 1.0
format , 15 , 2.0
format , 16 , 1.0
format , 1 , 1.0
format , 58 , 2.0
format , 75 , 1.0
currentawar , 15 , 1.0
1950 , 48 , 1.0
for , 34 , 2.0
for , 67 , 1.0
for , 66 , 1.0
for , 78 , 1.0
for , 19 , 2.0
for , 23 , 1.0
for , 40 , 1.0
for , 15 , 1.0
for , 11 , 1.0
for , 33 , 1.0
for , 22 , 2.0
for , 26 , 2.0
for , 37 , 1.0
for , 68 , 1.0
for , 16 , 3.0
for , 79 , 1.0
for , 5 , 2.0
for , 72 , 1.0
for , 10 , 1.0
for , 59 , 1.0
for , 21 , 1.0
for , 76 , 1.0
for , 54 , 1.0
for , 71 , 1.0
for , 57 , 1.0
for , 32 , 1.0
for , 80 , 1.0
for , 49 , 1.0
for , 6 , 1.0
for , 36 , 1.0
for , 1 , 4.0
for , 17 , 2.0
for , 60 , 1.0
for , 14 , 1.0
for , 69 , 1.0
for , 64 , 1.0
for , 53 , 2.0
for , 75 , 1.0
for , 70 , 1.0
for , 2 , 1.0
for , 38 , 2.0
for , 18 , 2.0
for , 30 , 1.0
for , 7 , 1.0
for , 3 , 2.0
for , 74 , 2.0
for , 28 , 1.0
chang , 66 , 1.0
chang , 17 , 1.0
chang , 58 , 1.0
chang , 43 , 1.0
drive , 31 , 1.0
eachspeci , 12 , 1.0
magnet , 54 , 1.0
magnet , 42 , 1.0
personnel , 21 , 1.0
personnel , 43 , 1.0
personnel , 3 , 1.0
suboptim , 27 , 1.0
program , 45 , 1.0
program , 66 , 1.0
program , 37 , 1.0
program , 46 , 1.0
program , 24 , 1.0
program , 79 , 1.0
program , 59 , 2.0
program , 48 , 1.0
program , 21 , 1.0
program , 1 , 1.0
program , 69 , 1.0
program , 3 , 1.0
scientificand , 7 , 1.0
s , 35 , 1.0
s , 59 , 1.0
s , 48 , 1.0
s , 1 , 1.0
s , 31 , 2.0
s , 7 , 1.0
network , 39 , 1.0
network , 12 , 1.0
transcrip , 75 , 1.0
support , 46 , 1.0
school , 59 , 1.0
school , 14 , 2.0
school , 43 , 1.0
school , 10 , 1.0
provid , 4 , 1.0
provid , 33 , 1.0
provid , 37 , 1.0
provid , 79 , 1.0
provid , 6 , 1.0
provid , 1 , 3.0
provid , 39 , 1.0
question , 33 , 1.0
art , 16 , 1.0
ignor , 17 , 1.0
medicu , 16 , 1.0
orientedliteratur , 26 , 1.0
method , 34 , 1.0
method , 73 , 1.0
method , 78 , 1.0
method , 4 , 1.0
method , 77 , 1.0
method , 22 , 1.0
method , 58 , 1.0
method , 75 , 2.0
method , 70 , 1.0
method , 2 , 1.0
method , 30 , 2.0
method , 41 , 1.0
test , 44 , 1.0
test , 65 , 1.0
test , 71 , 1.0
test , 80 , 2.0
test , 30 , 1.0
further , 6 , 1.0
12 , 74 , 1.0
inmicrofilm , 73 , 1.0
performedfast , 44 , 1.0
basi , 24 , 1.0
basi , 16 , 1.0
basi , 75 , 1.0
basi , 41 , 1.0
basi , 74 , 1.0
author , 15 , 2.0
author , 38 , 1.0
publicationprocedur , 19 , 1.0
scienc , 45 , 1.0
scienc , 67 , 1.0
scienc , 46 , 2.0
scienc , 72 , 1.0
scienc , 10 , 2.0
scienc , 21 , 2.0
scienc , 43 , 3.0
scienc , 57 , 1.0
scienc , 60 , 1.0
scienc , 3 , 1.0
scienc , 74 , 1.0
autom , 33 , 1.0
autom , 47 , 2.0
autom , 11 , 2.0
equip , 54 , 1.0
equip , 58 , 1.0
equip , 16 , 1.0
x , 38 , 1.0
x , 1 , 1.0
involv , 30 , 1.0
involv , 47 , 1.0
involv , 79 , 1.0
trend , 3 , 1.0
lieu , 11 , 1.0
adequ , 5 , 1.0
lead , 65 , 1.0
portion , 64 , 1.0
indexerha , 28 , 1.0
mathematicallog , 50 , 1.0
review , 71 , 1.0
review , 4 , 1.0
searcher , 27 , 1.0
prove , 30 , 1.0
prove , 23 , 1.0
implic , 33 , 1.0
implic , 17 , 1.0
docum , 73 , 1.0
docum , 55 , 1.0
docum , 61 , 1.0
docum , 24 , 1.0
docum , 32 , 1.0
docum , 49 , 1.0
docum , 1 , 1.0
docum , 14 , 2.0
docum , 58 , 1.0
docum , 64 , 3.0
docum , 53 , 1.0
docum , 2 , 2.0
docum , 63 , 1.0
area , 45 , 1.0
area , 44 , 1.0
area , 5 , 1.0
area , 80 , 3.0
area , 69 , 1.0
name , 17 , 2.0
negat , 48 , 1.0
languag , 50 , 1.0
languag , 61 , 1.0
in , 45 , 1.0
in , 34 , 1.0
in , 66 , 1.0
in , 51 , 2.0
in , 73 , 1.0
in , 19 , 1.0
in , 23 , 1.0
in , 40 , 1.0
in , 11 , 2.0
in , 9 , 1.0
in , 44 , 3.0
in , 33 , 1.0
in , 26 , 1.0
in , 50 , 2.0
in , 37 , 2.0
in , 61 , 1.0
in , 13 , 1.0
in , 46 , 1.0
in , 24 , 2.0
in , 35 , 2.0
in , 16 , 1.0
in , 79 , 1.0
in , 5 , 1.0
in , 72 , 1.0
in , 10 , 3.0
in , 59 , 1.0
in , 48 , 1.0
in , 21 , 4.0
in , 54 , 2.0
in , 43 , 1.0
in , 71 , 1.0
in , 80 , 2.0
in , 36 , 1.0
in , 1 , 1.0
in , 39 , 1.0
in , 17 , 1.0
in , 25 , 2.0
in , 60 , 2.0
in , 14 , 1.0
in , 47 , 1.0
in , 69 , 1.0
in , 58 , 1.0
in , 42 , 1.0
in , 75 , 1.0
in , 20 , 1.0
in , 27 , 1.0
in , 38 , 1.0
in , 18 , 1.0
in , 29 , 1.0
in , 41 , 1.0
in , 63 , 1.0
in , 3 , 3.0
in , 74 , 2.0
in , 52 , 2.0
in , 28 , 2.0
regard , 14 , 2.0
computerori , 7 , 1.0
computersearch , 78 , 1.0
natur , 30 , 1.0
retrievalof , 69 , 1.0
retrievalof , 64 , 1.0
definitionof , 10 , 1.0
variat , 65 , 1.0
programinglog , 16 , 1.0
design , 65 , 1.0
design , 28 , 1.0
design , 58 , 1.0
determin , 68 , 2.0
determin , 14 , 1.0
dependenton , 51 , 1.0
bothmechan , 62 , 1.0
vocabulari , 8 , 1.0
vocabulari , 28 , 3.0
permitsput , 48 , 1.0
receiv , 1 , 1.0
have , 4 , 1.0
have , 15 , 3.0
have , 37 , 1.0
have , 61 , 1.0
have , 16 , 1.0
have , 48 , 2.0
have , 39 , 1.0
have , 74 , 1.0
have , 28 , 1.0
switch , 49 , 1.0
scientist , 76 , 1.0
ar , 45 , 1.0
ar , 67 , 2.0
ar , 12 , 1.0
ar , 8 , 1.0
ar , 19 , 2.0
ar , 62 , 1.0
ar , 4 , 1.0
ar , 44 , 2.0
ar , 33 , 2.0
ar , 22 , 1.0
ar , 56 , 2.0
ar , 50 , 1.0
ar , 13 , 1.0
ar , 46 , 1.0
ar , 24 , 1.0
ar , 16 , 1.0
ar , 5 , 1.0
ar , 59 , 1.0
ar , 48 , 1.0
ar , 76 , 1.0
ar , 54 , 1.0
ar , 43 , 1.0
ar , 57 , 1.0
ar , 6 , 1.0
ar , 1 , 1.0
ar , 17 , 1.0
ar , 64 , 1.0
ar , 53 , 1.0
ar , 42 , 2.0
ar , 70 , 1.0
ar , 18 , 2.0
ar , 30 , 1.0
ar , 52 , 3.0
ar , 28 , 1.0
off , 42 , 1.0
versu , 80 , 1.0
charact , 63 , 2.0
charact , 42 , 2.0
channel , 54 , 1.0
manner , 25 , 1.0
point , 39 , 1.0
point , 53 , 1.0
success , 10 , 1.0
theconclu , 1 , 1.0
advanc , 40 , 1.0
arthur , 39 , 1.0
is , 34 , 1.0
is , 66 , 1.0
is , 51 , 1.0
is , 8 , 1.0
is , 73 , 1.0
is , 78 , 1.0
is , 19 , 1.0
is , 23 , 2.0
is , 62 , 3.0
is , 4 , 1.0
is , 77 , 1.0
is , 40 , 1.0
is , 44 , 1.0
is , 22 , 2.0
is , 56 , 1.0
is , 50 , 1.0
is , 37 , 2.0
is , 68 , 1.0
is , 13 , 1.0
is , 24 , 2.0
is , 16 , 3.0
is , 72 , 2.0
is , 10 , 1.0
is , 54 , 2.0
is , 65 , 1.0
is , 71 , 1.0
is , 32 , 1.0
is , 80 , 1.0
is , 1 , 6.0
is , 60 , 3.0
is , 64 , 1.0
is , 53 , 1.0
is , 42 , 1.0
is , 27 , 2.0
is , 70 , 1.0
is , 2 , 1.0
is , 38 , 1.0
is , 18 , 2.0
is , 30 , 1.0
is , 63 , 2.0
is , 3 , 1.0
is , 74 , 2.0
is , 52 , 1.0
paperdiscuss , 15 , 1.0
learn , 77 , 1.0
catalog , 1 , 1.0
catalog , 11 , 2.0
algorithmwhich , 50 , 1.0
represent , 19 , 1.0
euratomceti , 41 , 1.0
statem , 59 , 1.0
divid , 35 , 1.0
criterion , 27 , 1.0
among , 24 , 1.0
among , 13 , 1.0
expres , 82 , 1.0
built , 34 , 1.0
plea , 10 , 1.0
stem , 69 , 2.0
coverag , 52 , 1.0
orientedcomput , 66 , 1.0
step , 60 , 1.0
step , 29 , 1.0
step , 75 , 1.0
tabul , 58 , 1.0
62 , 35 , 1.0
drawn , 1 , 1.0
effort , 21 , 1.0
effort , 68 , 2.0
evaluationsof , 1 , 1.0
show , 44 , 1.0
request , 2 , 1.0
request , 27 , 2.0
request , 68 , 1.0
request , 16 , 1.0
french , 61 , 1.0
simpl , 1 , 1.0
simpl , 58 , 1.0
market , 67 , 1.0
subject , 69 , 1.0
subject , 34 , 1.0
hard , 32 , 1.0
hard , 73 , 1.0
hard , 55 , 1.0
4 , 78 , 1.0
4 , 66 , 1.0
4 , 1 , 1.0
4 , 37 , 1.0
resembl , 50 , 1.0
disseminationand , 1 , 1.0
10megacycl , 54 , 1.0
catalogu , 36 , 3.0
partial , 81 , 1.0
given , 45 , 1.0
given , 56 , 1.0
given , 13 , 1.0
given , 76 , 1.0
given , 39 , 1.0
given , 52 , 1.0
adop , 79 , 1.0
less , 47 , 1.0
util , 44 , 1.0
reduc , 16 , 1.0
reduc , 32 , 1.0
reduc , 49 , 1.0
reduc , 36 , 1.0
reduc , 25 , 1.0
consider , 79 , 1.0
mixednumer , 63 , 1.0
size , 32 , 1.0
size , 49 , 1.0
size , 16 , 1.0
size , 81 , 1.0
foreigncountri , 13 , 1.0
technicaltransl , 24 , 1.0
system , 66 , 2.0
system , 51 , 1.0
system , 73 , 2.0
system , 23 , 1.0
system , 62 , 1.0
system , 77 , 1.0
system , 40 , 2.0
system , 11 , 1.0
system , 50 , 1.0
system , 37 , 2.0
system , 16 , 2.0
system , 79 , 3.0
system , 43 , 1.0
system , 65 , 2.0
system , 71 , 1.0
system , 32 , 2.0
system , 6 , 1.0
system , 1 , 5.0
system , 17 , 1.0
system , 14 , 1.0
system , 31 , 1.0
system , 27 , 3.0
system , 70 , 2.0
system , 81 , 1.0
system , 7 , 2.0
system , 3 , 1.0
system , 52 , 2.0
organ , 66 , 1.0
organ , 11 , 1.0
organ , 68 , 2.0
organ , 13 , 1.0
organ , 59 , 1.0
organ , 1 , 1.0
organ , 17 , 1.0
organ , 30 , 1.0
missil , 11 , 1.0
than , 44 , 1.0
than , 48 , 1.0
than , 14 , 1.0
than , 47 , 1.0
than , 27 , 1.0
optimum , 71 , 1.0
theresult , 61 , 1.0
carrier , 63 , 1.0
carrier , 54 , 1.0
four , 5 , 1.0
four , 11 , 1.0
four , 14 , 1.0
photo , 7 , 1.0
photo , 31 , 1.0
photo , 25 , 1.0
administr , 46 , 1.0
percentag , 14 , 2.0
trackswitch , 54 , 1.0
lowest , 16 , 1.0
knowledg , 59 , 1.0
knowledg , 76 , 1.0
zip , 42 , 1.0
cooper , 74 , 1.0
cooper , 26 , 1.0
ideal , 76 , 1.0
research , 4 , 1.0
research , 40 , 1.0
research , 46 , 1.0
research , 24 , 1.0
research , 21 , 1.0
research , 69 , 1.0
research , 30 , 1.0
research , 41 , 1.0
mani , 39 , 1.0
mani , 15 , 1.0
mani , 13 , 1.0
pattern , 2 , 1.0
three , 36 , 1.0
three , 7 , 1.0
three , 6 , 1.0
revers , 1 , 1.0
revers , 58 , 1.0
feder , 78 , 1.0
corpor , 15 , 1.0
appar , 71 , 1.0
offici , 13 , 1.0
field , 33 , 1.0
field , 10 , 1.0
mechanizedlist , 11 , 1.0
explain , 23 , 1.0
explain , 34 , 1.0
approximately12 , 57 , 1.0
graphic , 73 , 1.0
graphic , 16 , 1.0
model , 39 , 1.0
exist , 66 , 1.0
exist , 48 , 1.0
connect , 44 , 1.0
bureau , 22 , 1.0
writer , 58 , 1.0
standard , 38 , 1.0
standard , 1 , 1.0
standard , 49 , 1.0
standard , 22 , 1.0
spractic , 3 , 1.0
comparison , 66 , 1.0
comparison , 2 , 2.0
comparison , 41 , 2.0
comparison , 65 , 1.0
but , 71 , 1.0
state , 78 , 1.0
state , 19 , 1.0
nation , 67 , 1.0
nation , 22 , 1.0
nation , 26 , 1.0
nation , 53 , 2.0
nation , 3 , 1.0
nation , 74 , 2.0
nation , 52 , 1.0
redund , 52 , 1.0
asdd , 14 , 1.0
relat , 9 , 1.0
relat , 68 , 2.0
relat , 48 , 1.0
relat , 57 , 1.0
relat , 30 , 1.0
relat , 29 , 1.0
transmit , 73 , 1.0
curricula , 43 , 1.0
vocabularyha , 23 , 1.0
9 , 48 , 1.0
listomat , 58 , 1.0
classif , 41 , 1.0
analyz , 2 , 1.0
compos , 58 , 1.0
compos , 16 , 1.0
serv , 5 , 1.0
serv , 75 , 1.0
role , 34 , 1.0
role , 9 , 1.0
role , 33 , 1.0
role , 24 , 1.0
role , 65 , 1.0
role , 28 , 1.0
produc , 73 , 1.0
produc , 15 , 4.0
produc , 37 , 1.0
produc , 32 , 1.0
produc , 6 , 1.0
produc , 1 , 2.0
produc , 25 , 2.0
produc , 58 , 1.0
produc , 7 , 2.0
urgent , 33 , 1.0
complicatefil , 17 , 1.0
biomed , 57 , 1.0
biomed , 20 , 1.0
appreci , 51 , 1.0
master , 6 , 1.0
reader , 63 , 1.0
capabl , 63 , 1.0
capabl , 54 , 1.0
capabl , 48 , 1.0
capabl , 62 , 1.0
similar , 64 , 2.0
what , 27 , 1.0
what , 37 , 1.0
guid , 57 , 1.0
cynthia , 77 , 1.0
would , 1 , 1.0
although , 15 , 1.0
although , 26 , 1.0
isb , 74 , 1.0
difficultbecaus , 65 , 1.0
establishmentof , 53 , 1.0
acceptablemedium , 38 , 1.0
oninform , 79 , 1.0
bibliograph , 24 , 1.0
conductedbi , 38 , 1.0
proper , 51 , 1.0
cooperativelyto , 6 , 1.0
aid , 54 , 1.0
aid , 80 , 1.0
aid , 58 , 1.0
line , 78 , 1.0
line , 2 , 1.0
line , 42 , 1.0
retriev , 12 , 2.0
retriev , 19 , 1.0
retriev , 62 , 1.0
retriev , 11 , 1.0
retriev , 9 , 1.0
retriev , 22 , 1.0
retriev , 26 , 1.0
retriev , 16 , 1.0
retriev , 21 , 1.0
retriev , 43 , 1.0
retriev , 71 , 1.0
retriev , 36 , 1.0
retriev , 1 , 1.0
retriev , 39 , 2.0
retriev , 47 , 1.0
retriev , 58 , 1.0
retriev , 64 , 1.0
retriev , 27 , 1.0
retriev , 38 , 1.0
retriev , 30 , 1.0
if , 14 , 1.0
project , 36 , 1.0
project , 74 , 1.0
project , 67 , 1.0
project , 46 , 1.0
background , 59 , 1.0
background , 76 , 1.0
center , 78 , 1.0
center , 12 , 3.0
center , 1 , 1.0
center , 52 , 1.0
composi , 38 , 1.0
theoreticallymor , 71 , 1.0
summari , 8 , 1.0
reexaminationof , 81 , 1.0
andczechoslovakia , 52 , 1.0
revolu , 81 , 1.0
tool , 1 , 1.0
problem , 66 , 1.0
problem , 51 , 1.0
problem , 15 , 1.0
problem , 9 , 1.0
problem , 47 , 1.0
problem , 18 , 1.0
infundament , 21 , 1.0
advic , 6 , 1.0
processingand , 51 , 1.0
document , 80 , 1.0
document , 59 , 1.0
characterist , 76 , 1.0
onli , 66 , 1.0
onli , 25 , 2.0
phase , 11 , 1.0
own , 1 , 1.0
gener , 26 , 1.0
gener , 16 , 1.0
gener , 79 , 1.0
gener , 60 , 1.0
gener , 47 , 1.0
institu , 53 , 1.0
criteria , 5 , 1.0
up , 23 , 1.0
up , 15 , 2.0
up , 48 , 1.0
up , 43 , 1.0
up , 25 , 1.0
up , 38 , 1.0
apparatu , 38 , 1.0
process , 66 , 1.0
process , 51 , 1.0
process , 40 , 1.0
process , 44 , 1.0
process , 68 , 2.0
process , 16 , 2.0
process , 1 , 4.0
process , 42 , 1.0
process , 70 , 2.0
process , 63 , 1.0
process , 52 , 2.0
scale , 79 , 1.0
geometri , 29 , 1.0
human , 33 , 1.0
human , 18 , 1.0
human , 76 , 1.0
scope , 52 , 1.0
etc , 22 , 1.0
exampl , 7 , 1.0
commun , 51 , 1.0
commun , 73 , 3.0
commun , 4 , 1.0
commun , 46 , 1.0
commun , 71 , 1.0
commun , 74 , 1.0
medlar , 16 , 1.0
buship , 22 , 1.0
so , 44 , 1.0
so , 1 , 1.0
so , 70 , 1.0
our , 39 , 1.0
techi , 45 , 1.0
higher , 14 , 1.0
per , 38 , 1.0
must , 60 , 1.0
must , 21 , 1.0
must , 44 , 1.0
must , 16 , 1.0
specialist , 3 , 1.0
governingth , 13 , 1.0
normal , 32 , 1.0
thirti , 61 , 1.0
keep , 4 , 1.0
appear , 17 , 1.0
ispres , 67 , 1.0
needlessli , 17 , 1.0
22 , 25 , 1.0
informationexten , 56 , 1.0
short , 75 , 1.0
occur , 69 , 1.0
all , 73 , 2.0
all , 49 , 1.0
all , 6 , 1.0
all , 1 , 2.0
all , 60 , 1.0
differ , 15 , 3.0
differ , 47 , 1.0
differ , 14 , 1.0
differ , 81 , 2.0
head , 57 , 1.0
head , 54 , 1.0
head , 15 , 2.0
betweenth , 14 , 1.0
undertaken , 11 , 1.0
rest , 10 , 1.0
fit , 25 , 1.0
hand , 71 , 1.0
requir , 19 , 1.0
requir , 33 , 1.0
requir , 68 , 1.0
requir , 59 , 1.0
requir , 76 , 1.0
requir , 30 , 1.0
print , 16 , 1.0
print , 57 , 2.0
print , 25 , 1.0
print , 58 , 1.0
print , 75 , 1.0
print , 38 , 1.0
drawer , 71 , 1.0
journal , 19 , 1.0
journal , 4 , 2.0
journal , 40 , 1.0
journal , 11 , 1.0
journal , 46 , 1.0
journal , 35 , 1.0
journal , 17 , 2.0
journal , 69 , 1.0
journal , 81 , 1.0
journal , 74 , 1.0
centerswil , 52 , 1.0
suggest , 60 , 1.0
suggest , 3 , 1.0
singlewid , 54 , 1.0
context , 41 , 1.0
excerptsextract , 2 , 1.0
book , 36 , 2.0
book , 35 , 3.0
book , 81 , 1.0
moder , 32 , 1.0
summar , 75 , 1.0
influenc , 65 , 1.0
u , 48 , 1.0
u , 59 , 1.0
encourag , 81 , 1.0
efficientexploratori , 27 , 1.0
50 , 75 , 1.0
had , 14 , 2.0
constructionof , 29 , 1.0
present , 68 , 1.0
present , 16 , 1.0
present , 79 , 1.0
present , 5 , 1.0
present , 64 , 1.0
present , 2 , 1.0
germani , 52 , 1.0
onto , 42 , 1.0
identif , 2 , 2.0
grammar , 50 , 1.0
grammar , 82 , 1.0
satisfi , 16 , 1.0
disciplin , 60 , 1.0
highlight , 18 , 1.0
andpred , 82 , 1.0
aerospac , 7 , 1.0
informationwheth , 21 , 1.0
look , 15 , 4.0
printout , 42 , 1.0
printout , 73 , 1.0
data , 12 , 1.0
data , 51 , 1.0
data , 8 , 1.0
data , 19 , 1.0
data , 33 , 1.0
data , 13 , 1.0
data , 71 , 1.0
data , 1 , 2.0
data , 39 , 1.0
data , 70 , 1.0
data , 63 , 2.0
effect , 4 , 1.0
effect , 22 , 1.0
effect , 32 , 1.0
effect , 17 , 1.0
effect , 14 , 1.0
effect , 27 , 1.0
page , 46 , 1.0
page , 49 , 1.0
page , 17 , 1.0
page , 25 , 5.0
page , 38 , 1.0
page , 63 , 1.0
result , 51 , 1.0
result , 4 , 1.0
result , 40 , 1.0
result , 11 , 1.0
result , 44 , 1.0
result , 68 , 1.0
result , 16 , 1.0
result , 10 , 1.0
result , 28 , 1.0
enter , 57 , 1.0
projec , 42 , 1.0
varieti , 33 , 1.0
varieti , 58 , 1.0
enlarg , 81 , 1.0
set , 7 , 1.0
set , 50 , 2.0
set , 23 , 1.0
set , 31 , 1.0
introduc , 80 , 1.0
ani , 77 , 2.0
ani , 50 , 1.0
dual , 6 , 1.0
idea , 75 , 1.0
satellitecent , 79 , 1.0
alphabet , 78 , 1.0
alphabet , 63 , 1.0
chemic , 2 , 1.0
chemic , 69 , 1.0
chemic , 48 , 2.0
chemic , 9 , 1.0
highli , 77 , 1.0
us , 8 , 1.0
us , 78 , 1.0
us , 40 , 1.0
us , 15 , 1.0
us , 44 , 1.0
us , 22 , 2.0
us , 26 , 1.0
us , 61 , 1.0
us , 35 , 2.0
us , 49 , 1.0
us , 17 , 1.0
us , 31 , 1.0
us , 58 , 2.0
us , 42 , 1.0
us , 27 , 1.0
us , 29 , 1.0
us , 74 , 2.0
us , 28 , 1.0
producejustifi , 42 , 1.0
projectlogo , 50 , 1.0
propos , 74 , 1.0
propos , 20 , 1.0
propos , 55 , 1.0
propos , 19 , 1.0
it , 19 , 1.0
it , 72 , 1.0
it , 65 , 1.0
it , 80 , 1.0
it , 1 , 9.0
it , 58 , 1.0
it , 53 , 1.0
it , 27 , 1.0
it , 70 , 1.0
it , 81 , 1.0
it , 52 , 2.0
updat , 57 , 1.0
updat , 6 , 1.0
updat , 16 , 1.0
updat , 81 , 1.0
collec , 35 , 1.0
inter , 74 , 1.0
option , 62 , 1.0
tape , 66 , 2.0
tape , 56 , 1.0
tape , 6 , 2.0
tape , 31 , 1.0
tape , 42 , 1.0
tape , 7 , 1.0
tape , 63 , 1.0
sheet , 49 , 1.0
embrac , 81 , 1.0
pittsburgh , 78 , 1.0
transformationgener , 29 , 1.0
superior , 66 , 1.0
abstract , 67 , 1.0
abstract , 8 , 1.0
abstract , 62 , 1.0
abstract , 40 , 1.0
abstract , 6 , 1.0
retrospectiveindex , 15 , 1.0
personnelar , 76 , 1.0
uncommun , 71 , 1.0
arriv , 5 , 1.0
scientif , 77 , 1.0
scientif , 46 , 1.0
scientif , 9 , 1.0
composit , 60 , 1.0
self , 55 , 1.0
separ , 77 , 1.0
24 , 1 , 1.0
two , 2 , 1.0
two , 26 , 1.0
two , 34 , 1.0
two , 22 , 1.0
procedur , 12 , 1.0
procedur , 19 , 1.0
procedur , 61 , 1.0
procedur , 32 , 2.0
procedur , 64 , 1.0
local , 44 , 1.0
rel , 1 , 1.0
rel , 58 , 1.0
shift , 28 , 2.0
govern , 78 , 1.0
govern , 24 , 1.0
term , 45 , 1.0
term , 26 , 1.0
term , 57 , 1.0
term , 58 , 1.0
term , 64 , 1.0
term , 20 , 1.0
term , 28 , 1.0
requeststo , 68 , 1.0
a , 67 , 1.0
a , 12 , 1.0
a , 66 , 2.0
a , 73 , 2.0
a , 19 , 2.0
a , 23 , 1.0
a , 62 , 3.0
a , 4 , 1.0
a , 77 , 1.0
a , 40 , 1.0
a , 15 , 3.0
a , 11 , 2.0
a , 44 , 4.0
a , 33 , 1.0
a , 56 , 2.0
a , 26 , 1.0
a , 50 , 2.0
a , 37 , 2.0
a , 68 , 1.0
a , 24 , 3.0
a , 16 , 2.0
a , 79 , 2.0
a , 5 , 2.0
a , 10 , 3.0
a , 59 , 2.0
a , 54 , 2.0
a , 43 , 1.0
a , 65 , 2.0
a , 71 , 1.0
a , 57 , 1.0
a , 32 , 1.0
a , 80 , 3.0
a , 82 , 2.0
a , 6 , 4.0
a , 36 , 1.0
a , 1 , 3.0
a , 39 , 2.0
a , 25 , 3.0
a , 60 , 1.0
a , 14 , 2.0
a , 47 , 1.0
a , 31 , 1.0
a , 58 , 3.0
a , 64 , 1.0
a , 53 , 1.0
a , 42 , 3.0
a , 75 , 2.0
a , 27 , 5.0
a , 70 , 3.0
a , 2 , 1.0
a , 81 , 1.0
a , 7 , 2.0
a , 29 , 3.0
a , 63 , 1.0
a , 3 , 2.0
a , 74 , 4.0
a , 52 , 2.0
a , 28 , 1.0
effici , 1 , 1.0
volum , 35 , 2.0
volum , 67 , 1.0
manipul , 18 , 1.0
condens , 81 , 1.0
philosophyi , 34 , 1.0
establish , 5 , 1.0
controlledphoto , 58 , 1.0
mean , 18 , 1.0
mean , 70 , 1.0
aspect , 33 , 1.0
aspect , 7 , 1.0
aspect , 9 , 1.0
habit , 58 , 1.0
exchang , 53 , 2.0
exchang , 75 , 1.0
exchang , 13 , 3.0
theoret , 43 , 1.0
nsf , 74 , 1.0
primari , 19 , 1.0
determinedrelev , 69 , 1.0
inadequ , 26 , 1.0
inadequ , 52 , 1.0
inadequ , 3 , 1.0
educ , 14 , 3.0
educ , 43 , 1.0
educ , 3 , 1.0
relev , 27 , 1.0
relev , 23 , 1.0
relev , 14 , 2.0
proposi , 82 , 1.0
descriptor , 8 , 1.0
descriptor , 11 , 1.0
descriptor , 34 , 1.0
formalsystem , 82 , 1.0
explor , 39 , 1.0
within , 45 , 1.0
within , 41 , 1.0
within , 1 , 2.0
thesauru , 57 , 2.0
thesauru , 26 , 1.0
thesauru , 34 , 1.0
thesauru , 58 , 2.0
agenc , 24 , 1.0
agenc , 13 , 1.0
interrog , 18 , 2.0
as , 51 , 2.0
as , 8 , 2.0
as , 78 , 1.0
as , 77 , 1.0
as , 44 , 2.0
as , 26 , 2.0
as , 35 , 2.0
as , 48 , 2.0
as , 65 , 2.0
as , 71 , 1.0
as , 57 , 1.0
as , 80 , 1.0
as , 1 , 1.0
as , 14 , 2.0
as , 58 , 1.0
as , 75 , 1.0
as , 27 , 1.0
as , 29 , 1.0
as , 63 , 1.0
as , 28 , 1.0
anddefini , 45 , 1.0
reproduc , 9 , 1.0
assign , 64 , 1.0
defini , 60 , 3.0
7070 , 48 , 1.0
rule , 68 , 1.0
rule , 82 , 3.0
classic , 71 , 1.0
classic , 29 , 1.0
inch , 38 , 1.0
converg , 28 , 1.0
slightli , 38 , 1.0
store , 81 , 1.0
well , 51 , 1.0
well , 48 , 1.0
well , 8 , 1.0
well , 44 , 1.0
5 , 38 , 1.0
5 , 1 , 2.0
issu , 48 , 1.0
titl , 69 , 1.0
titl , 17 , 1.0
titl , 46 , 1.0
year , 35 , 2.0
year , 1 , 1.0
year , 11 , 1.0
thepotenti , 51 , 1.0
sequenti , 44 , 1.0
flexibl , 62 , 1.0
demonstr , 77 , 2.0
demonstr , 38 , 1.0
demonstr , 32 , 1.0
pursu , 39 , 1.0
photon , 31 , 1.0
salari , 72 , 2.0
simul , 29 , 1.0
m , 26 , 1.0
machineprocess , 1 , 1.0
deck , 58 , 1.0
subscrip , 11 , 1.0
statist , 77 , 1.0
statist , 61 , 1.0
statist , 1 , 1.0
statist , 69 , 1.0
statist , 30 , 1.0
statist , 29 , 2.0
statisticalevalu , 41 , 1.0
seismic , 77 , 1.0
theadministr , 36 , 1.0
text , 78 , 1.0
text , 44 , 2.0
text , 42 , 1.0
text , 75 , 1.0
text , 81 , 1.0
text , 41 , 2.0
typeset , 25 , 1.0
indexedand , 48 , 1.0
recruit , 10 , 1.0
variou , 78 , 1.0
variou , 63 , 1.0
variou , 12 , 1.0
librari , 51 , 2.0
librari , 11 , 1.0
librari , 35 , 1.0
librari , 59 , 2.0
librari , 21 , 1.0
librari , 43 , 2.0
librari , 36 , 3.0
librari , 1 , 3.0
librari , 17 , 1.0
librari , 47 , 2.0
librari , 81 , 1.0
existingservic , 5 , 1.0
certain , 33 , 1.0
scan , 73 , 1.0
successfulli , 71 , 1.0
aerospacesci , 40 , 1.0
distribu , 9 , 1.0
distribu , 81 , 1.0
whose , 59 , 1.0
whose , 50 , 1.0
entir , 35 , 1.0
entir , 64 , 1.0
alreadi , 56 , 1.0
man , 44 , 1.0
yal , 36 , 1.0
investig , 39 , 1.0
investig , 30 , 1.0
contain , 57 , 1.0
reaction , 70 , 1.0
strip , 54 , 1.0
particular , 3 , 1.0
or , 12 , 1.0
or , 73 , 1.0
or , 19 , 1.0
or , 15 , 2.0
or , 68 , 1.0
or , 16 , 1.0
or , 79 , 1.0
or , 48 , 1.0
or , 21 , 1.0
or , 25 , 1.0
or , 47 , 2.0
or , 58 , 3.0
or , 42 , 1.0
or , 3 , 1.0
ge , 11 , 1.0
edition , 57 , 1.0
computer , 36 , 1.0
articl , 71 , 1.0
articl , 25 , 1.0
articl , 75 , 1.0
public , 4 , 1.0
public , 40 , 1.0
public , 33 , 1.0
public , 13 , 2.0
public , 38 , 1.0
altern , 75 , 1.0
integr , 1 , 1.0
integr , 29 , 1.0
integr , 6 , 1.0
accent , 77 , 1.0
eventu , 79 , 1.0
departmentof , 59 , 1.0
consol , 42 , 1.0
consol , 44 , 1.0
main , 57 , 1.0
main , 36 , 1.0
suit , 58 , 1.0
configur , 66 , 1.0
come , 21 , 1.0
feasibl , 78 , 1.0
command , 42 , 1.0
commonplac , 17 , 1.0
total , 65 , 1.0
48 , 26 , 1.0
such , 50 , 1.0
such , 80 , 1.0
such , 1 , 1.0
such , 58 , 1.0
such , 63 , 1.0
toa , 54 , 1.0
degre , 66 , 1.0
degre , 45 , 1.0
allowingpubl , 36 , 1.0
each , 5 , 1.0
each , 12 , 1.0
each , 62 , 1.0
argu , 27 , 1.0
hierarchicallyorgan , 41 , 1.0
far , 44 , 1.0
far , 26 , 1.0
english , 50 , 2.0
hospit , 26 , 1.0
framework , 39 , 1.0
searchabl , 48 , 1.0
quarter , 32 , 1.0
decision , 16 , 1.0
last , 35 , 1.0
valuablein , 30 , 1.0
researcherswho , 26 , 1.0
7040 , 48 , 1.0
1958 , 37 , 1.0
desk , 11 , 1.0
experi , 23 , 1.0
experi , 44 , 1.0
experi , 80 , 1.0
experi , 1 , 1.0
experi , 14 , 1.0
experi , 38 , 1.0
experi , 74 , 1.0
possibl , 56 , 1.0
possibl , 26 , 1.0
possibl , 79 , 1.0
possibl , 70 , 1.0
individualswithin , 37 , 1.0
section , 4 , 1.0
semicentr , 52 , 2.0
distort , 65 , 1.0
processand , 39 , 1.0
segment , 64 , 3.0
i , 16 , 1.0
i , 3 , 1.0
i , 10 , 1.0
informationexchang , 53 , 1.0
understandingof , 20 , 1.0
areneed , 21 , 1.0
calculu , 82 , 2.0
statur , 21 , 1.0
avoid , 52 , 1.0
andscientif , 13 , 1.0
work , 4 , 1.0
work , 9 , 1.0
work , 56 , 1.0
work , 59 , 1.0
work , 21 , 1.0
work , 76 , 1.0
work , 54 , 1.0
work , 47 , 1.0
areoutlin , 12 , 1.0
central , 40 , 1.0
keyword , 69 , 1.0
keyword , 15 , 1.0
keyword , 62 , 1.0
keyword , 41 , 2.0
improv , 38 , 1.0
improv , 32 , 1.0
rout , 54 , 1.0
that , 44 , 2.0
that , 26 , 1.0
that , 37 , 1.0
that , 72 , 1.0
that , 10 , 1.0
that , 1 , 1.0
that , 42 , 1.0
that , 27 , 2.0
that , 70 , 1.0
that , 74 , 1.0
that , 52 , 1.0
ha , 73 , 1.0
ha , 77 , 1.0
ha , 9 , 1.0
ha , 71 , 1.0
ha , 57 , 1.0
ha , 82 , 2.0
ha , 36 , 1.0
ha , 1 , 1.0
ha , 69 , 1.0
ha , 75 , 1.0
ha , 38 , 1.0
ha , 30 , 1.0
ha , 29 , 1.0
ha , 28 , 1.0
out , 4 , 1.0
out , 57 , 1.0
out , 25 , 1.0
out , 58 , 1.0
out , 53 , 1.0
accessori , 38 , 1.0
logic , 54 , 1.0
logic , 50 , 1.0
logic , 82 , 1.0
division , 56 , 1.0
division , 1 , 1.0
division , 11 , 1.0
43 , 25 , 1.0
itek , 54 , 1.0
amount , 78 , 1.0
transparentfilm , 49 , 1.0
cannot , 77 , 1.0
hour , 74 , 1.0
hour , 1 , 1.0
incep , 37 , 1.0
structur , 2 , 1.0
structur , 70 , 1.0
typographyand , 19 , 1.0
object , 36 , 1.0
object , 80 , 1.0
object , 50 , 1.0
adopt , 49 , 1.0
empir , 43 , 1.0
univers , 78 , 1.0
chosen , 17 , 1.0
to , 66 , 2.0
to , 8 , 1.0
to , 73 , 1.0
to , 19 , 2.0
to , 23 , 1.0
to , 4 , 2.0
to , 77 , 1.0
to , 15 , 1.0
to , 11 , 2.0
to , 9 , 1.0
to , 44 , 1.0
to , 33 , 1.0
to , 22 , 1.0
to , 37 , 3.0
to , 68 , 1.0
to , 46 , 1.0
to , 16 , 1.0
to , 5 , 5.0
to , 72 , 1.0
to , 48 , 1.0
to , 21 , 2.0
to , 43 , 2.0
to , 65 , 2.0
to , 32 , 1.0
to , 80 , 1.0
to , 36 , 3.0
to , 1 , 1.0
to , 39 , 1.0
to , 17 , 1.0
to , 60 , 1.0
to , 14 , 1.0
to , 47 , 1.0
to , 31 , 1.0
to , 69 , 1.0
to , 58 , 4.0
to , 64 , 1.0
to , 53 , 1.0
to , 42 , 1.0
to , 27 , 1.0
to , 70 , 1.0
to , 38 , 1.0
to , 81 , 1.0
to , 7 , 1.0
to , 29 , 1.0
to , 41 , 1.0
to , 3 , 1.0
to , 52 , 1.0
to , 28 , 2.0
theori , 82 , 1.0
factor , 72 , 1.0
factor , 17 , 2.0
factor , 76 , 1.0
match , 2 , 2.0
match , 68 , 2.0
dissemin , 4 , 1.0
dissemin , 40 , 1.0
ddc , 34 , 1.0
exact , 68 , 1.0
base , 66 , 1.0
base , 1 , 1.0
base , 60 , 1.0
base , 69 , 1.0
base , 64 , 1.0
base , 20 , 1.0
base , 81 , 1.0
retina , 63 , 1.0
now , 30 , 2.0
now , 37 , 1.0
recogni , 77 , 2.0
recogni , 29 , 1.0
includ , 73 , 1.0
includ , 15 , 1.0
includ , 11 , 1.0
includ , 33 , 1.0
includ , 82 , 1.0
includ , 6 , 1.0
includ , 17 , 1.0
includ , 60 , 1.0
includ , 69 , 1.0
includ , 2 , 1.0
theabil , 73 , 1.0
code , 34 , 1.0
code , 15 , 1.0
code , 22 , 1.0
code , 54 , 1.0
code , 69 , 1.0
code , 42 , 1.0
code , 70 , 1.0
formathemat , 50 , 1.0
easili , 58 , 1.0
electron , 54 , 1.0
informationservic , 33 , 1.0
informationservic , 56 , 1.0
coden , 15 , 2.0
subhead , 57 , 1.0
letter , 4 , 2.0
correspondingsubject , 35 , 1.0
expert , 51 , 1.0
decentr , 53 , 1.0
colleg , 14 , 2.0
analysisvocabulari , 23 , 1.0
indexingand , 65 , 1.0
typograph , 42 , 1.0
typograph , 31 , 1.0
thesauruscan , 58 , 1.0
informationretriev , 55 , 1.0
oper , 54 , 1.0
oper , 1 , 2.0
oper , 60 , 1.0
oper , 42 , 1.0
oper , 7 , 1.0
russian , 46 , 1.0
did , 14 , 1.0
select , 64 , 1.0
edit , 44 , 2.0
analyt , 39 , 1.0
analyt , 29 , 1.0
publish , 35 , 1.0
publish , 19 , 2.0
awar , 24 , 1.0
awar , 6 , 1.0
tic , 1 , 1.0
tradition , 1 , 1.0
kei , 71 , 1.0
kei , 29 , 1.0
tabl , 16 , 1.0
tabl , 25 , 1.0
attain , 20 , 1.0
accuraci , 46 , 1.0
advisori , 53 , 1.0
font , 63 , 1.0
bycombin , 36 , 1.0
most , 15 , 3.0
here , 32 , 1.0
qualifi , 21 , 1.0
accredit , 10 , 2.0
these , 56 , 1.0
these , 59 , 1.0
these , 64 , 1.0
these , 58 , 1.0
voic , 73 , 1.0
sentenc , 50 , 2.0
physicist , 80 , 1.0
paperfrom , 42 , 1.0
agricultur , 59 , 1.0
feasibilityof , 11 , 1.0
help , 61 , 1.0
editor , 4 , 1.0
symbol , 19 , 1.0
methodologi , 65 , 1.0
tediou , 47 , 1.0
littl , 39 , 1.0
guidingth , 28 , 1.0
photograph , 54 , 1.0
photograph , 20 , 1.0
photograph , 16 , 1.0
formatsindex , 16 , 1.0
there , 22 , 1.0
supplem , 3 , 1.0
cumul , 15 , 1.0
found , 72 , 1.0
found , 66 , 1.0
found , 26 , 1.0
found , 14 , 1.0
encod , 14 , 5.0
6 , 57 , 1.0
6 , 1 , 1.0
6 , 25 , 1.0
styliz , 62 , 1.0
automat , 61 , 1.0
automat , 16 , 1.0
automat , 25 , 1.0
automat , 70 , 2.0
automat , 2 , 1.0
automat , 7 , 1.0
automat , 41 , 1.0
legal , 78 , 1.0
addition , 69 , 1.0
addition , 58 , 1.0
addition , 43 , 1.0
addition , 19 , 1.0
second , 74 , 1.0
relationship , 34 , 1.0
relationship , 66 , 1.0
relationship , 5 , 1.0
relationship , 58 , 1.0
relationship , 28 , 1.0
discuss , 34 , 1.0
discuss , 67 , 1.0
discuss , 15 , 1.0
discuss , 50 , 1.0
discuss , 18 , 1.0
discuss , 28 , 1.0
doe , 7 , 1.0
at , 45 , 1.0
at , 12 , 1.0
at , 62 , 1.0
at , 15 , 2.0
at , 22 , 2.0
at , 56 , 1.0
at , 5 , 1.0
at , 54 , 2.0
at , 36 , 1.0
at , 39 , 1.0
at , 14 , 1.0
at , 42 , 1.0
at , 81 , 2.0
at , 7 , 1.0
1 , 57 , 1.0
1 , 66 , 1.0
1 , 1 , 1.0
1 , 26 , 1.0
replac , 71 , 1.0
replac , 81 , 1.0
expan , 36 , 1.0
expan , 79 , 1.0
through , 12 , 1.0
through , 71 , 1.0
through , 34 , 1.0
iii , 77 , 1.0
paramet , 39 , 1.0
been , 15 , 3.0
been , 61 , 1.0
been , 48 , 1.0
been , 71 , 1.0
been , 57 , 1.0
been , 82 , 2.0
been , 49 , 1.0
been , 1 , 1.0
been , 69 , 1.0
been , 75 , 1.0
been , 38 , 1.0
been , 29 , 1.0
been , 74 , 1.0
sixfoldand , 32 , 1.0
cover , 7 , 1.0
accur , 78 , 1.0
consist , 78 , 1.0
consist , 2 , 1.0
consist , 59 , 1.0
often , 17 , 2.0
300 , 57 , 1.0
law , 78 , 1.0
entri , 58 , 1.0
emerg , 28 , 1.0
import , 72 , 1.0
import , 53 , 1.0
import , 34 , 1.0
import , 3 , 1.0
low , 62 , 1.0
larg , 78 , 1.0
larg , 51 , 1.0
larg , 8 , 1.0
larg , 79 , 1.0
dictionari , 6 , 1.0
dictionari , 58 , 1.0
sever , 44 , 1.0
sever , 37 , 1.0
sever , 1 , 1.0
sever , 81 , 1.0
sever , 63 , 1.0
prototyp , 29 , 1.0
comput , 51 , 2.0
comput , 73 , 1.0
comput , 40 , 1.0
comput , 15 , 5.0
comput , 9 , 2.0
comput , 44 , 1.0
comput , 56 , 1.0
comput , 26 , 1.0
comput , 79 , 1.0
comput , 48 , 1.0
comput , 71 , 1.0
comput , 57 , 1.0
comput , 6 , 1.0
comput , 25 , 2.0
comput , 31 , 1.0
comput , 69 , 1.0
comput , 58 , 1.0
comput , 42 , 1.0
comput , 75 , 1.0
comput , 20 , 1.0
comput , 81 , 1.0
comput , 7 , 1.0
comput , 29 , 1.0
permitfutur , 36 , 1.0
offset , 25 , 1.0
activ , 26 , 1.0
transmis , 18 , 1.0
condition , 76 , 1.0
over , 38 , 1.0
over , 1 , 1.0
over , 11 , 1.0
duringtrain , 72 , 1.0
also , 15 , 2.0
also , 17 , 1.0
advantag , 63 , 1.0
advantag , 1 , 1.0
remain , 60 , 1.0
need , 19 , 1.0
need , 44 , 1.0
need , 33 , 1.0
need , 37 , 1.0
need , 5 , 1.0
need , 72 , 1.0
need , 21 , 1.0
need , 27 , 1.0
need , 38 , 1.0
need , 3 , 2.0
can , 12 , 1.0
can , 66 , 1.0
can , 73 , 1.0
can , 44 , 1.0
can , 72 , 1.0
can , 32 , 1.0
can , 31 , 1.0
can , 58 , 4.0
can , 70 , 1.0
can , 81 , 1.0
luhn , 37 , 1.0
on , 66 , 3.0
on , 62 , 1.0
on , 4 , 1.0
on , 11 , 1.0
on , 22 , 1.0
on , 46 , 1.0
on , 24 , 1.0
on , 35 , 1.0
on , 16 , 1.0
on , 79 , 1.0
on , 76 , 1.0
on , 54 , 1.0
on , 65 , 1.0
on , 57 , 1.0
on , 32 , 1.0
on , 49 , 1.0
on , 1 , 2.0
on , 17 , 1.0
on , 25 , 2.0
on , 60 , 1.0
on , 14 , 1.0
on , 69 , 1.0
on , 64 , 1.0
on , 42 , 1.0
on , 75 , 2.0
on , 27 , 1.0
on , 30 , 2.0
on , 41 , 1.0
on , 74 , 2.0
thoseof , 47 , 1.0
retrievalprocedur , 17 , 1.0
transfer , 60 , 1.0
comprehens , 20 , 1.0
shown , 52 , 1.0
near , 68 , 1.0
simpli , 58 , 1.0
incent , 72 , 1.0
concentr , 35 , 1.0
graduat , 45 , 1.0
graduat , 59 , 1.0
sinc , 48 , 1.0
sinc , 1 , 1.0
sinc , 37 , 1.0
sinc , 31 , 1.0
engin , 74 , 1.0
queri , 2 , 1.0
space , 11 , 1.0
interest , 33 , 1.0
interest , 46 , 1.0
indic , 53 , 1.0
indic , 62 , 1.0
indic , 28 , 1.0
readabl , 18 , 1.0
readabl , 25 , 1.0
readabl , 75 , 1.0
seri , 74 , 1.0
engineeringreport , 22 , 1.0
instal , 22 , 1.0
47 , 38 , 1.0
futur , 69 , 1.0
futur , 15 , 2.0
futur , 53 , 1.0
futur , 79 , 1.0
typic , 46 , 1.0
cost , 67 , 1.0
cost , 46 , 1.0
cost , 32 , 1.0
cost , 49 , 1.0
cost , 38 , 1.0
inform , 45 , 1.0
inform , 12 , 2.0
inform , 78 , 1.0
inform , 23 , 1.0
inform , 62 , 1.0
inform , 40 , 1.0
inform , 9 , 1.0
inform , 33 , 1.0
inform , 26 , 1.0
inform , 37 , 2.0
inform , 13 , 1.0
inform , 46 , 2.0
inform , 24 , 1.0
inform , 5 , 1.0
inform , 72 , 2.0
inform , 10 , 2.0
inform , 59 , 2.0
inform , 21 , 2.0
inform , 76 , 1.0
inform , 43 , 3.0
inform , 80 , 1.0
inform , 49 , 2.0
inform , 6 , 1.0
inform , 36 , 2.0
inform , 1 , 2.0
inform , 39 , 1.0
inform , 17 , 1.0
inform , 60 , 2.0
inform , 47 , 1.0
inform , 53 , 1.0
inform , 70 , 1.0
inform , 3 , 2.0
inform , 52 , 2.0
miniatur , 49 , 1.0
date , 11 , 1.0
date , 43 , 1.0
mechanizationof , 47 , 1.0
complementationbi , 30 , 1.0
broadcast , 74 , 1.0
circul , 1 , 1.0
circul , 11 , 1.0
informationcent , 5 , 1.0
informationcent , 12 , 1.0
live , 77 , 1.0
imageform , 54 , 1.0
april , 31 , 1.0
theharvard , 36 , 1.0
questionsto , 71 , 1.0
recogn , 63 , 1.0
recogn , 77 , 1.0
recogn , 38 , 1.0
linear , 66 , 1.0
linear , 39 , 1.0
who , 37 , 1.0
machin , 66 , 1.0
machin , 77 , 2.0
machin , 44 , 2.0
machin , 22 , 1.0
machin , 27 , 1.0
machin , 70 , 1.0
machin , 18 , 1.0
modul , 16 , 3.0
abstracta , 8 , 1.0
interchangeof , 24 , 1.0
seven , 38 , 1.0
gap , 1 , 1.0
tend , 47 , 1.0
canhandl , 63 , 1.0
consid , 74 , 1.0
consid , 17 , 1.0
consid , 67 , 1.0
technologi , 40 , 1.0
technologi , 31 , 1.0
allow , 68 , 1.0
citat , 15 , 2.0
citat , 80 , 1.0
citat , 46 , 1.0
citat , 16 , 5.0
environmentalengin , 23 , 1.0
hope , 72 , 1.0
formula , 70 , 1.0
combin , 36 , 1.0
combin , 11 , 1.0
remedi , 72 , 1.0
levelsof , 34 , 1.0
realist , 65 , 1.0
characterread , 63 , 1.0
compar , 18 , 1.0
compar , 65 , 1.0
compar , 61 , 1.0
uniterm , 48 , 1.0
studentsto , 72 , 1.0
them , 4 , 1.0
promotion , 21 , 1.0
final , 60 , 1.0
final , 44 , 1.0
final , 16 , 2.0
emphasi , 76 , 1.0
1959 , 11 , 1.0
facsimilerecord , 73 , 1.0
by , 73 , 1.0
by , 78 , 1.0
by , 4 , 1.0
by , 77 , 1.0
by , 11 , 1.0
by , 56 , 2.0
by , 37 , 1.0
by , 13 , 1.0
by , 46 , 1.0
by , 35 , 2.0
by , 16 , 2.0
by , 48 , 1.0
by , 71 , 3.0
by , 32 , 1.0
by , 80 , 1.0
by , 49 , 1.0
by , 25 , 2.0
by , 14 , 1.0
by , 58 , 1.0
by , 70 , 2.0
by , 29 , 1.0
by , 41 , 1.0
by , 3 , 1.0
by , 74 , 1.0
promptlyto , 33 , 1.0
veri , 44 , 1.0
then , 42 , 1.0
then , 16 , 1.0
sugges , 53 , 1.0
typewritten , 25 , 1.0
fich , 49 , 1.0
225 , 11 , 1.0
vari , 58 , 1.0
even , 15 , 1.0
flow , 46 , 1.0
theinterpret , 33 , 1.0
function , 66 , 1.0
function , 37 , 1.0
function , 19 , 1.0
circulatedin , 35 , 1.0
translat , 24 , 1.0
translat , 50 , 1.0
mostli , 78 , 1.0
should , 49 , 1.0
should , 43 , 1.0
new , 55 , 1.0
new , 79 , 1.0
new , 5 , 1.0
new , 60 , 1.0
new , 2 , 1.0
new , 30 , 1.0
signific , 63 , 1.0
signific , 14 , 2.0
signific , 64 , 1.0
signific , 16 , 1.0
will , 51 , 1.0
will , 9 , 1.0
will , 55 , 1.0
will , 79 , 1.0
will , 5 , 1.0
will , 10 , 1.0
will , 21 , 1.0
will , 65 , 1.0
will , 6 , 1.0
will , 42 , 1.0
via , 9 , 1.0
link , 34 , 1.0
twodimensionalgraph , 2 , 1.0
techniqu , 34 , 1.0
techniqu , 77 , 1.0
techniqu , 79 , 1.0
techniqu , 59 , 2.0
techniqu , 65 , 1.0
techniqu , 80 , 1.0
techniqu , 18 , 1.0
specif , 60 , 1.0
specif , 8 , 1.0
specif , 49 , 1.0
specif , 22 , 1.0
iter , 37 , 1.0
thesauri , 41 , 1.0
thesauri , 26 , 1.0
statusand , 53 , 1.0
few , 15 , 1.0
few , 79 , 1.0
workin , 43 , 1.0
biolog , 46 , 1.0
conduct , 14 , 1.0
paper , 15 , 1.0
paper , 11 , 1.0
paper , 46 , 1.0
paper , 16 , 2.0
paper , 31 , 1.0
paper , 7 , 1.0
sound , 43 , 1.0
displai , 44 , 2.0
displai , 58 , 1.0
merg , 6 , 1.0
foreign , 13 , 1.0
sheetsof , 8 , 1.0
beingperform , 56 , 1.0
directreadout , 73 , 1.0
560 , 31 , 2.0
distributionexpand , 74 , 1.0
their , 30 , 1.0
their , 14 , 1.0
their , 34 , 1.0
their , 28 , 1.0
p , 37 , 1.0
synthesi , 75 , 1.0
sdi , 14 , 1.0
sdi , 37 , 2.0
conventionalsubject , 15 , 2.0
laboratori , 71 , 1.0
feat , 79 , 1.0
systemachiev , 62 , 1.0
perform , 65 , 1.0
perform , 44 , 1.0
problemsof , 19 , 1.0
georgia , 45 , 1.0
polici , 46 , 1.0
recur , 16 , 1.0
not , 71 , 1.0
not , 7 , 1.0
not , 1 , 1.0
character , 68 , 1.0
valu , 47 , 1.0
with , 34 , 1.0
with , 73 , 1.0
with , 44 , 1.0
with , 50 , 1.0
with , 61 , 1.0
with , 13 , 1.0
with , 46 , 1.0
with , 10 , 1.0
with , 54 , 1.0
with , 43 , 1.0
with , 1 , 1.0
with , 17 , 1.0
with , 31 , 1.0
with , 53 , 1.0
with , 2 , 1.0
with , 38 , 1.0
with , 81 , 1.0
with , 18 , 1.0
with , 41 , 2.0
with , 74 , 2.0
suitabl , 51 , 1.0
suitabl , 70 , 1.0
suitabl , 10 , 1.0
from , 12 , 1.0
from , 73 , 1.0
from , 16 , 1.0
from , 21 , 1.0
from , 54 , 1.0
from , 6 , 1.0
from , 39 , 1.0
from , 25 , 1.0
from , 47 , 1.0
from , 69 , 1.0
from , 42 , 1.0
from , 75 , 1.0
from , 2 , 1.0
from , 81 , 1.0
from , 28 , 1.0
refer , 62 , 1.0
refer , 24 , 1.0
refer , 57 , 1.0
refer , 80 , 1.0
refer , 69 , 2.0
refer , 53 , 1.0
refer , 41 , 1.0
coordin , 74 , 1.0
grant , 74 , 1.0
grant , 59 , 1.0
applic , 39 , 1.0
applic , 7 , 1.0
mechan , 51 , 1.0
mechan , 62 , 2.0
mechan , 1 , 3.0
mechan , 11 , 2.0
viewpoint , 58 , 1.0
notat , 50 , 1.0
besid , 77 , 1.0
inputand , 15 , 1.0
synonymi , 82 , 1.0
anderson , 26 , 1.0
hardwar , 79 , 1.0
increas , 21 , 1.0
increas , 32 , 1.0
increas , 49 , 1.0
increas , 36 , 1.0
increas , 28 , 1.0
accomplish , 4 , 1.0
accomplish , 11 , 1.0
accomplish , 50 , 1.0
accomplish , 59 , 1.0
accomplish , 54 , 1.0
accomplish , 80 , 1.0
valid , 30 , 1.0
valid , 5 , 1.0
editingstep , 44 , 1.0
content , 46 , 1.0
content , 58 , 1.0
content , 19 , 1.0
implement , 11 , 1.0
implement , 79 , 1.0
maintainsliaison , 24 , 1.0
sorter , 58 , 1.0
facsimil , 73 , 1.0
give , 21 , 1.0
makingus , 4 , 1.0
inc , 39 , 1.0
profession , 59 , 2.0
profession , 21 , 2.0
profession , 76 , 1.0
profession , 3 , 1.0
profession , 74 , 1.0
wa , 11 , 2.0
wa , 26 , 2.0
wa , 61 , 1.0
wa , 6 , 1.0
wa , 14 , 2.0
engag , 24 , 1.0
engag , 13 , 1.0
000 , 78 , 1.0
000 , 57 , 1.0
000 , 48 , 1.0
devic , 42 , 1.0
devic , 70 , 1.0
devic , 28 , 1.0
devic , 58 , 1.0
first , 57 , 1.0
visual , 44 , 1.0
2 , 66 , 1.0
2 , 26 , 1.0
2 , 57 , 2.0
2 , 1 , 1.0
2 , 25 , 1.0
caus , 1 , 1.0
media , 18 , 1.0
1963 , 31 , 1.0
orient , 1 , 1.0
orient , 67 , 1.0
monsanto , 71 , 1.0
budget , 62 , 1.0
systemsar , 20 , 1.0
life , 46 , 1.0
profes , 67 , 1.0
both , 67 , 1.0
both , 73 , 1.0
both , 62 , 1.0
both , 40 , 1.0
both , 24 , 1.0
both , 65 , 1.0
both , 82 , 1.0
both , 69 , 1.0
both , 20 , 1.0
both , 52 , 1.0
substanti , 4 , 1.0
hopefulli , 65 , 1.0
systemsand , 52 , 1.0
identifi , 19 , 1.0
pass , 16 , 1.0
elimin , 14 , 1.0
grammat , 82 , 1.0
cours , 59 , 2.0
cours , 43 , 1.0
discussedwith , 76 , 1.0
librarian , 51 , 1.0
bibliographi , 17 , 1.0
bibliographi , 16 , 1.0
could , 25 , 1.0
bring , 70 , 1.0
brief , 56 , 1.0
brief , 4 , 1.0
mode , 18 , 1.0
enabl , 39 , 1.0
enabl , 55 , 1.0
consideringal , 14 , 1.0
answer , 33 , 1.0
sent , 14 , 1.0
mai , 80 , 1.0
mai , 47 , 1.0
mai , 73 , 2.0
approach , 60 , 1.0
done , 74 , 1.0
report , 15 , 1.0
report , 24 , 1.0
report , 16 , 1.0
report , 71 , 1.0
report , 7 , 1.0
photocomposi , 9 , 1.0
rather , 27 , 1.0
whiledecreas , 49 , 1.0
usag , 34 , 1.0
usag , 16 , 1.0
comlaboratori , 31 , 1.0
typewrit , 56 , 1.0
typewrit , 44 , 1.0
pose , 19 , 1.0
eas , 17 , 1.0
televi , 74 , 2.0
developmentalsystem , 1 , 1.0
concept , 37 , 1.0
concept , 20 , 1.0
concept , 81 , 1.0
concept , 30 , 1.0
concept , 29 , 1.0
concept , 28 , 2.0
assignedrol , 62 , 1.0
conjunctionwith , 58 , 1.0
class , 35 , 1.0
file , 12 , 1.0
file , 66 , 2.0
file , 68 , 2.0
file , 16 , 2.0
file , 71 , 1.0
file , 17 , 1.0
massachusett , 31 , 1.0
notic , 14 , 1.0
videotap , 74 , 2.0
under , 30 , 1.0
under , 74 , 1.0
under , 1 , 1.0
which , 73 , 1.0
which , 19 , 2.0
which , 4 , 2.0
which , 77 , 1.0
which , 56 , 1.0
which , 16 , 3.0
which , 57 , 1.0
which , 39 , 1.0
which , 17 , 1.0
which , 14 , 1.0
which , 70 , 1.0
which , 30 , 2.0
treat , 34 , 1.0
provision , 5 , 1.0
techniquesfor , 40 , 1.0
control , 34 , 1.0
control , 51 , 1.0
control , 80 , 1.0
control , 1 , 1.0
control , 42 , 1.0
control , 30 , 1.0
prepar , 78 , 2.0
prepar , 40 , 1.0
prepar , 71 , 1.0
prepar , 58 , 1.0
prepar , 81 , 1.0
initi , 69 , 2.0
initi , 42 , 1.0
initi , 9 , 1.0
initi , 16 , 1.0
1951 , 35 , 1.0
morphem , 69 , 1.0
studi , 11 , 1.0
studi , 22 , 1.0
studi , 46 , 1.0
studi , 72 , 1.0
studi , 59 , 1.0
studi , 80 , 1.0
studi , 29 , 2.0
sub , 59 , 1.0
rai , 44 , 1.0
independentlyretriev , 64 , 1.0
flexowrit , 78 , 1.0
flexowrit , 11 , 1.0
flexowrit , 31 , 1.0
qualiti , 42 , 1.0
qualiti , 58 , 1.0
qualiti , 31 , 1.0
american , 9 , 1.0
percent , 26 , 1.0
an , 66 , 1.0
an , 51 , 1.0
an , 8 , 1.0
an , 73 , 1.0
an , 23 , 2.0
an , 62 , 1.0
an , 9 , 1.0
an , 50 , 2.0
an , 37 , 1.0
an , 72 , 1.0
an , 59 , 1.0
an , 57 , 1.0
an , 80 , 1.0
an , 6 , 1.0
an , 1 , 1.0
an , 60 , 1.0
an , 14 , 1.0
an , 69 , 1.0
an , 53 , 1.0
an , 27 , 1.0
an , 38 , 2.0
an , 7 , 1.0
an , 74 , 1.0
depart , 23 , 1.0
depart , 26 , 1.0
permut , 62 , 1.0
air , 12 , 1.0
bin , 54 , 1.0
offer , 60 , 1.0
offer , 24 , 1.0
offer , 59 , 2.0
offer , 1 , 1.0
manufactur , 49 , 1.0
presumpt , 3 , 1.0
subsidi , 72 , 1.0
psychologi , 60 , 1.0
technic , 8 , 1.0
technic , 56 , 1.0
technic , 24 , 2.0
technic , 1 , 2.0
technic , 17 , 1.0
technic , 7 , 1.0
doubl , 15 , 2.0
hardcopydilemma , 18 , 1.0
devis , 80 , 1.0
detail , 30 , 1.0
be , 12 , 1.0
be , 66 , 1.0
be , 73 , 2.0
be , 77 , 1.0
be , 44 , 3.0
be , 22 , 2.0
be , 16 , 1.0
be , 5 , 3.0
be , 72 , 1.0
be , 80 , 2.0
be , 6 , 1.0
be , 47 , 1.0
be , 31 , 1.0
be , 58 , 5.0
be , 70 , 1.0
be , 81 , 1.0
be , 30 , 1.0
be , 52 , 1.0
properli , 21 , 1.0
meet , 3 , 1.0
equipmentwhich , 55 , 1.0
comparativestudi , 82 , 1.0
becominginform , 3 , 1.0
facet , 23 , 2.0
vocabularyand , 50 , 1.0
cathod , 44 , 1.0
into , 73 , 1.0
into , 50 , 1.0
into , 64 , 1.0
into , 75 , 1.0
into , 70 , 2.0
longer , 81 , 1.0
desir , 71 , 1.0
desir , 68 , 1.0
reten , 17 , 1.0
evalu , 21 , 1.0
evalu , 80 , 1.0
evalu , 65 , 1.0
evalu , 23 , 1.0
retrievalappl , 2 , 1.0
militaryinform , 79 , 1.0
where , 44 , 1.0
educationappear , 3 , 1.0
train , 59 , 1.0
train , 6 , 1.0
train , 3 , 1.0
compil , 57 , 1.0
unit , 63 , 1.0
unit , 54 , 1.0
aninexpens , 8 , 1.0
graduatestipend , 72 , 1.0
complet , 63 , 1.0
complet , 36 , 1.0
predict , 68 , 1.0
thei , 70 , 1.0
h , 37 , 1.0
matter , 34 , 1.0
bechannel , 73 , 1.0
bodi , 39 , 1.0
bodi , 8 , 1.0
fund , 5 , 1.0
collect , 53 , 1.0
loss , 70 , 1.0
time , 7 , 1.0
time , 35 , 1.0
time , 49 , 1.0
time , 37 , 1.0
better , 10 , 1.0
invert , 66 , 1.0
manifest , 28 , 1.0
reli , 1 , 1.0
clientel , 5 , 1.0
were , 35 , 1.0
were , 26 , 2.0
part , 51 , 1.0
ibm , 37 , 1.0
ibm , 48 , 1.0
ibm , 1 , 3.0
ibm , 14 , 1.0
ibm , 69 , 1.0
layout , 17 , 1.0
layout , 49 , 1.0
confinedto , 81 , 1.0
orientedservic , 67 , 1.0
wildlif , 38 , 1.0
messag , 60 , 1.0
limitedtest , 80 , 1.0
estimatingth , 5 , 1.0
immedi , 44 , 1.0
immedi , 1 , 1.0
special , 45 , 1.0
special , 5 , 1.0
special , 47 , 1.0
special , 20 , 1.0
selec , 69 , 1.0
selec , 16 , 1.0
more , 10 , 1.0
more , 48 , 1.0
more , 65 , 1.0
more , 20 , 1.0
more , 7 , 1.0
more , 3 , 1.0
output , 15 , 2.0
output , 44 , 1.0
output , 1 , 1.0
output , 16 , 2.0
secondari , 19 , 1.0
probabl , 60 , 1.0
duplic , 26 , 1.0
duplic , 52 , 1.0
begun , 9 , 1.0
appli , 77 , 1.0
recal , 11 , 1.0
behavior , 80 , 1.0
curriculumfor , 43 , 1.0
30 , 74 , 1.0
forc , 12 , 1.0
r , 32 , 1.0
attempt , 60 , 1.0
attempt , 9 , 1.0
defin , 15 , 1.0
defin , 18 , 1.0
defin , 50 , 1.0
betweenindex , 58 , 1.0
type , 63 , 1.0
type , 15 , 2.0
type , 76 , 1.0
form , 77 , 1.0
form , 44 , 1.0
form , 36 , 1.0
form , 70 , 1.0
form , 81 , 1.0
form , 18 , 1.0
avail , 8 , 1.0
avail , 62 , 1.0
avail , 13 , 1.0
avail , 24 , 1.0
avail , 71 , 1.0
avail , 49 , 1.0
expens , 36 , 1.0
render , 47 , 1.0
merit , 80 , 1.0
wide , 33 , 1.0
variabl , 30 , 1.0
variabl , 65 , 1.0
recoveri , 17 , 1.0
transcrib , 75 , 1.0
mark , 4 , 1.0
analysi , 39 , 1.0
analysi , 23 , 1.0
analysi , 9 , 1.0
analysi , 75 , 1.0
documentretriev , 47 , 1.0
practic , 5 , 1.0
practic , 71 , 1.0
practic , 32 , 1.0
practic , 26 , 1.0
respons , 23 , 1.0
respons , 44 , 1.0
respons , 68 , 1.0
respons , 10 , 1.0
respons , 53 , 1.0
between , 51 , 1.0
between , 64 , 1.0
between , 34 , 1.0
between , 28 , 1.0
card , 11 , 1.0
card , 16 , 1.0
card , 49 , 1.0
card , 36 , 1.0
card , 1 , 1.0
card , 38 , 1.0
significantli , 14 , 1.0
notificationswer , 14 , 1.0
regul , 13 , 1.0
andproblem , 50 , 1.0
manual , 62 , 1.0
manual , 22 , 1.0
manual , 61 , 1.0
manual , 6 , 1.0
manual , 1 , 1.0
manual , 7 , 1.0
interinstitutionaleffort , 26 , 1.0
develop , 19 , 1.0
develop , 4 , 1.0
develop , 40 , 1.0
develop , 5 , 1.0
develop , 82 , 1.0
develop , 6 , 1.0
develop , 69 , 1.0
develop , 38 , 1.0
digit , 18 , 1.0
subjectif , 52 , 1.0
evaluationind , 74 , 1.0
storag , 19 , 1.0
storag , 62 , 1.0
storag , 21 , 1.0
storag , 54 , 1.0
storag , 71 , 2.0
compani , 6 , 2.0
compani , 37 , 1.0
aaa , 74 , 1.0
selector , 22 , 1.0
actual , 1 , 1.0
current , 33 , 1.0
current , 37 , 1.0
current , 24 , 1.0
current , 65 , 1.0
current , 6 , 1.0
current , 3 , 1.0
current , 28 , 1.0
about , 24 , 1.0
about , 32 , 1.0
experienceand , 75 , 1.0
peopl , 21 , 1.0
peopl , 4 , 1.0
profici , 3 , 1.0
toinclud , 43 , 1.0
experiencedsix , 35 , 1.0
encyclopedia , 81 , 1.0
see , 57 , 1.0
diseas , 38 , 1.0
overduenotic , 1 , 1.0
correc , 58 , 1.0
demand , 16 , 1.0
punch , 7 , 1.0
punch , 56 , 1.0
societi , 74 , 1.0
societi , 17 , 1.0
societi , 9 , 1.0
call , 37 , 1.0
occupi , 25 , 1.0
appraisalsof , 65 , 1.0
limit , 60 , 1.0
limit , 7 , 1.0
limit , 19 , 1.0
against , 16 , 1.0
3 , 66 , 1.0
3 , 38 , 1.0
3 , 1 , 2.0
3 , 25 , 1.0
dimension , 2 , 1.0
word , 71 , 1.0
word , 17 , 1.0
word , 61 , 1.0
word , 28 , 2.0
made , 8 , 1.0
made , 56 , 1.0
made , 61 , 1.0
made , 24 , 1.0
made , 79 , 1.0
made , 10 , 1.0
made , 82 , 1.0
made , 25 , 1.0
made , 58 , 1.0
conjunc , 48 , 1.0
no , 14 , 2.0
no , 81 , 1.0
retrospectiveand , 24 , 1.0
curriculum , 45 , 1.0
chain , 60 , 1.0
we , 39 , 1.0
formal , 21 , 1.0
formal , 50 , 1.0
offic , 24 , 1.0
offic , 17 , 1.0
transform , 82 , 1.0
transform , 29 , 2.0
transform , 70 , 1.0
manipulat , 18 , 1.0
linofilm , 25 , 1.0
sourc , 15 , 1.0
sourc , 65 , 1.0
sourc , 46 , 1.0
sophist , 66 , 1.0
sophist , 7 , 1.0
sophist , 1 , 1.0
descrip , 56 , 1.0
traditionallibrari , 47 , 1.0
useof , 56 , 1.0
800 , 78 , 1.0
800 , 14 , 1.0
major , 53 , 1.0
major , 49 , 1.0
promptli , 4 , 1.0
700 , 57 , 1.0
phonem , 77 , 1.0
speech , 77 , 1.0
speech , 75 , 1.0
analog , 18 , 1.0
analog , 29 , 1.0
educationalprogram , 10 , 1.0
columbia , 36 , 1.0
certifi , 59 , 1.0
construct , 26 , 1.0
specializedtrain , 21 , 1.0
some , 5 , 1.0
some , 53 , 1.0
some , 56 , 1.0
some , 16 , 1.0
implem , 27 , 1.0
describ , 45 , 1.0
describ , 12 , 1.0
describ , 73 , 1.0
describ , 23 , 1.0
describ , 62 , 1.0
describ , 40 , 1.0
describ , 11 , 1.0
describ , 33 , 1.0
describ , 13 , 1.0
describ , 46 , 1.0
describ , 24 , 1.0
describ , 16 , 1.0
describ , 54 , 1.0
describ , 32 , 1.0
describ , 64 , 1.0
describ , 70 , 1.0
describ , 52 , 1.0
attract , 72 , 1.0
judgment , 33 , 1.0
encompass , 39 , 1.0
appropri , 72 , 1.0
appropri , 71 , 1.0
intern , 66 , 1.0
intern , 6 , 1.0
intern , 13 , 1.0
literatur , 8 , 2.0
literatur , 21 , 1.0
literatur , 46 , 1.0
satisfactori , 23 , 1.0
handl , 22 , 1.0
handl , 5 , 1.0
handl , 54 , 1.0
handl , 70 , 1.0
handl , 81 , 1.0
acommon , 61 , 1.0
materi , 12 , 1.0
materi , 8 , 1.0
materi , 18 , 1.0
materi , 31 , 1.0
when , 44 , 1.0
when , 25 , 1.0
purpos , 73 , 1.0
purpos , 19 , 1.0
known , 77 , 1.0
alphanumer , 73 , 1.0
elem , 12 , 1.0
elem , 16 , 2.0
thi , 66 , 1.0
thi , 78 , 1.0
thi , 4 , 1.0
thi , 40 , 1.0
thi , 15 , 2.0
thi , 11 , 1.0
thi , 55 , 1.0
thi , 37 , 1.0
thi , 16 , 1.0
thi , 79 , 2.0
thi , 76 , 1.0
thi , 49 , 1.0
thi , 39 , 1.0
thi , 64 , 1.0
thi , 75 , 1.0
thi , 3 , 1.0
thi , 28 , 1.0
exce , 79 , 1.0
favor , 61 , 1.0
film , 73 , 1.0
film , 16 , 1.0
film , 32 , 1.0
film , 1 , 1.0
film , 42 , 2.0
film , 63 , 1.0
physic , 60 , 1.0
nasa , 7 , 1.0
discussioni , 7 , 1.0
editingsystem , 63 , 1.0
east , 52 , 1.0
accessand , 1 , 1.0
user , 62 , 1.0
user , 80 , 1.0
user , 1 , 1.0
user , 14 , 1.0
user , 58 , 1.0
user , 3 , 1.0
syntact , 2 , 1.0
input , 78 , 1.0
input , 63 , 1.0
input , 15 , 1.0
input , 18 , 1.0
directli , 12 , 1.0
directli , 25 , 1.0
deal , 46 , 1.0
assist , 59 , 1.0
like , 50 , 1.0
like , 4 , 1.0
like , 25 , 1.0
convert , 73 , 1.0
convert , 28 , 1.0
servic , 67 , 2.0
servic , 33 , 1.0
servic , 56 , 1.0
servic , 55 , 1.0
servic , 24 , 2.0
servic , 5 , 1.0
servic , 21 , 1.0
servic , 36 , 1.0
servic , 47 , 1.0
servic , 53 , 1.0
construc , 50 , 1.0
construc , 23 , 1.0
write , 71 , 1.0
other , 77 , 2.0
other , 22 , 1.0
other , 46 , 1.0
other , 59 , 1.0
other , 70 , 1.0
other , 3 , 1.0
manmachineinterfac , 27 , 1.0
of , 45 , 2.0
of , 12 , 2.0
of , 66 , 1.0
of , 51 , 4.0
of , 8 , 2.0
of , 78 , 6.0
of , 19 , 1.0
of , 23 , 2.0
of , 62 , 2.0
of , 4 , 6.0
of , 77 , 5.0
of , 40 , 1.0
of , 15 , 5.0
of , 11 , 3.0
of , 9 , 5.0
of , 44 , 3.0
of , 33 , 7.0
of , 22 , 3.0
of , 56 , 3.0
of , 26 , 2.0
of , 50 , 4.0
of , 37 , 3.0
of , 68 , 3.0
of , 61 , 1.0
of , 13 , 3.0
of , 46 , 8.0
of , 24 , 2.0
of , 35 , 2.0
of , 16 , 6.0
of , 79 , 2.0
of , 5 , 3.0
of , 72 , 1.0
of , 10 , 1.0
of , 59 , 5.0
of , 76 , 3.0
of , 54 , 3.0
of , 43 , 1.0
of , 65 , 3.0
of , 71 , 3.0
of , 57 , 2.0
of , 32 , 3.0
of , 80 , 2.0
of , 82 , 5.0
of , 49 , 4.0
of , 6 , 1.0
of , 36 , 6.0
of , 1 , 2.0
of , 39 , 7.0
of , 17 , 6.0
of , 25 , 2.0
of , 60 , 2.0
of , 14 , 3.0
of , 47 , 3.0
of , 31 , 1.0
of , 69 , 1.0
of , 58 , 5.0
of , 64 , 2.0
of , 53 , 4.0
of , 42 , 3.0
of , 75 , 2.0
of , 27 , 3.0
of , 70 , 2.0
of , 2 , 5.0
of , 38 , 2.0
of , 81 , 1.0
of , 30 , 2.0
of , 7 , 3.0
of , 29 , 1.0
of , 41 , 3.0
of , 63 , 3.0
of , 3 , 2.0
of , 74 , 1.0
of , 52 , 3.0
of , 28 , 3.0
5000 , 48 , 1.0
copi , 73 , 1.0
copi , 55 , 1.0
copi , 32 , 3.0
copi , 1 , 1.0
copi , 75 , 1.0
copi , 7 , 2.0
cleric , 47 , 1.0
econom , 37 , 1.0
prime , 37 , 1.0
individualscomplet , 59 , 1.0
and , 34 , 4.0
and , 67 , 3.0
and , 12 , 1.0
and , 66 , 2.0
and , 51 , 1.0
and , 8 , 1.0
and , 73 , 2.0
and , 78 , 2.0
and , 19 , 2.0
and , 23 , 1.0
and , 62 , 5.0
and , 4 , 1.0
and , 77 , 3.0
and , 40 , 4.0
and , 15 , 6.0
and , 11 , 4.0
and , 9 , 1.0
and , 44 , 2.0
and , 33 , 1.0
and , 22 , 1.0
and , 56 , 1.0
and , 26 , 1.0
and , 37 , 1.0
and , 68 , 3.0
and , 61 , 2.0
and , 46 , 1.0
and , 24 , 2.0
and , 35 , 2.0
and , 16 , 1.0
and , 79 , 1.0
and , 5 , 1.0
and , 72 , 2.0
and , 10 , 1.0
and , 59 , 3.0
and , 48 , 2.0
and , 21 , 2.0
and , 54 , 1.0
and , 43 , 3.0
and , 65 , 1.0
and , 71 , 1.0
and , 57 , 4.0
and , 32 , 2.0
and , 80 , 1.0
and , 82 , 2.0
and , 49 , 2.0
and , 6 , 4.0
and , 36 , 3.0
and , 1 , 3.0
and , 17 , 4.0
and , 25 , 1.0
and , 60 , 1.0
and , 14 , 1.0
and , 69 , 4.0
and , 58 , 5.0
and , 64 , 2.0
and , 53 , 3.0
and , 42 , 2.0
and , 75 , 2.0
and , 20 , 2.0
and , 27 , 1.0
and , 70 , 3.0
and , 2 , 2.0
and , 38 , 1.0
and , 81 , 1.0
and , 18 , 3.0
and , 30 , 3.0
and , 7 , 1.0
and , 29 , 1.0
and , 41 , 1.0
and , 63 , 3.0
and , 74 , 2.0
and , 52 , 1.0
and , 28 , 2.0
record , 54 , 1.0
record , 1 , 3.0
record , 19 , 2.0
non , 69 , 1.0
non , 59 , 1.0
imag , 29 , 3.0
incorpor , 17 , 1.0
pleas , 33 , 1.0
patent , 48 , 1.0
dozen , 35 , 1.0
without , 70 , 1.0
without , 58 , 1.0
without , 25 , 1.0
high , 42 , 1.0
high , 14 , 2.0
high , 73 , 1.0
high , 58 , 1.0
institut , 31 , 1.0
200 , 57 , 2.0
phototypesett , 25 , 1.0
plan , 67 , 1.0
plan , 11 , 1.0
plan , 43 , 1.0
plan , 65 , 1.0
plan , 30 , 1.0
intellectu , 28 , 1.0
intellectu , 58 , 1.0
period , 57 , 1.0
period , 11 , 1.0
associ , 38 , 1.0
manualaccess , 62 , 1.0
tube , 44 , 1.0
speed , 73 , 1.0
speed , 32 , 1.0
speed , 36 , 1.0
speed , 42 , 1.0
speed , 7 , 1.0
later , 16 , 1.0
rapid , 78 , 1.0
rapid , 4 , 2.0
rapid , 40 , 1.0
rapid , 22 , 1.0
list , 41 , 1.0
list , 61 , 1.0
list , 25 , 1.0
frequenc , 16 , 1.0
station , 54 , 1.0
complex , 19 , 1.0
instruc , 57 , 1.0
instruc , 21 , 1.0
instruc , 22 , 1.0
index , 67 , 1.0
index , 8 , 3.0
index , 62 , 1.0
index , 15 , 6.0
index , 44 , 1.0
index , 22 , 1.0
index , 61 , 2.0
index , 65 , 2.0
index , 57 , 1.0
index , 80 , 1.0
index , 6 , 3.0
index , 58 , 1.0
index , 64 , 1.0
index , 30 , 2.0
index , 28 , 2.0
haveevolv , 37 , 1.0
statut , 78 , 1.0
integratetradi , 43 , 1.0
month , 79 , 1.0
guidelin , 5 , 1.0
obtain , 35 , 1.0
requestsi , 23 , 1.0
stub , 63 , 1.0
ratioshav , 49 , 1.0
remot , 18 , 2.0
product , 56 , 1.0
burroughsb , 48 , 1.0
access , 62 , 1.0
access , 1 , 1.0
access , 81 , 1.0
view , 39 , 1.0
level , 72 , 1.0
level , 14 , 2.0
level , 81 , 3.0
thor , 15 , 1.0
determiningkeyword , 61 , 1.0
search , 34 , 1.0
search , 66 , 1.0
search , 40 , 1.0
search , 68 , 2.0
search , 16 , 1.0
search , 48 , 1.0
search , 6 , 2.0
search , 27 , 1.0
search , 2 , 1.0
the , 45 , 2.0
the , 34 , 2.0
the , 12 , 3.0
the , 51 , 2.0
the , 8 , 1.0
the , 73 , 2.0
the , 78 , 3.0
the , 19 , 4.0
the , 23 , 3.0
the , 62 , 4.0
the , 4 , 4.0
the , 77 , 2.0
the , 15 , 5.0
the , 11 , 3.0
the , 9 , 4.0
the , 44 , 3.0
the , 33 , 3.0
the , 22 , 2.0
the , 56 , 2.0
the , 50 , 2.0
the , 37 , 4.0
the , 68 , 4.0
the , 13 , 2.0
the , 46 , 5.0
the , 24 , 3.0
the , 35 , 3.0
the , 16 , 15.0
the , 79 , 3.0
the , 72 , 3.0
the , 10 , 3.0
the , 59 , 4.0
the , 48 , 3.0
the , 21 , 1.0
the , 76 , 2.0
the , 54 , 3.0
the , 43 , 1.0
the , 65 , 1.0
the , 71 , 3.0
the , 57 , 2.0
the , 32 , 5.0
the , 80 , 3.0
the , 82 , 2.0
the , 49 , 1.0
the , 6 , 1.0
the , 36 , 6.0
the , 1 , 6.0
the , 39 , 5.0
the , 17 , 2.0
the , 60 , 6.0
the , 14 , 5.0
the , 47 , 4.0
the , 31 , 1.0
the , 58 , 8.0
the , 64 , 2.0
the , 53 , 4.0
the , 42 , 2.0
the , 75 , 3.0
the , 27 , 4.0
the , 2 , 4.0
the , 38 , 1.0
the , 81 , 3.0
the , 18 , 2.0
the , 30 , 2.0
the , 7 , 3.0
the , 29 , 2.0
the , 41 , 1.0
the , 63 , 3.0
the , 3 , 2.0
the , 74 , 4.0
the , 52 , 2.0
the , 28 , 4.0
compat , 17 , 1.0
compat , 1 , 2.0
compat , 26 , 1.0
cent , 38 , 1.0
item , 57 , 1.0
item , 79 , 1.0
item , 19 , 1.0
maintain , 26 , 1.0
those , 18 , 1.0
those , 37 , 1.0
signal , 77 , 2.0
d , 39 , 1.0
d , 26 , 1.0
d , 3 , 1.0
d , 10 , 1.0
memori , 17 , 1.0
